Halving Date,Epoch,Block Reward,Bitcoin Price Halving Date,Total block Reward $ Halving Date,Gain per Halving,Bitcoin Price Low,Block Reward Low,Bitcoin Price High,Block Reward High,BTC per day,Btc per year  ,Btc per halving,Number of Bitcoin,Bitcoin left to be mined,,,
2009,1,50.00000000, $0.00 , $0.00 ,, $0.00 , $0.00 , $31.50 ," $1,575.00 ",7200.00000000,"2,628,000.00000000","10,500,000.00000000",0.00000000,"21,000,000.00000000",,,
2012,2,25.00000000, $12.53 , $313.25 ,1253000.00%, $12.33 , $308.25 ," $1,163.00 "," $29,075.00 ",3600.00000000,"1,314,000.00000000","5,250,000.00000000","10,500,000.00000000","10,500,000.00000000",,,
2016,3,12.50000000, $665.00 ," $8,312.50 ",5307.26%, $535.00 ," $6,687.50 "," $19,783.00 "," $247,287.50 ",1800.00000000,"657,000.00000000","2,625,000.00000000","15,750,000.00000000","5,250,000.00000000",,,
2020,4,6.25000000," $8,573.00 "," $53,581.25 ",1289.17%," $8,200.00 "," $51,250.00 "," $73,750.00 "," $460,937.50 ",900.00000000,"328,500.00000000","1,312,500.00000000","18,375,000.00000000","2,625,000.00000000",,,
2024,5,3.12500000," $63,803.00 "," $199,384.38 ",744.23%," $54,000.00 "," $168,750.00 "," $126,277.00 "," $394,615.63 ",450.00000000,"164,250.00000000","656,250.00000000","19,687,500.00000000","1,312,500.00000000",,,
2028,6,1.56250000," $255,212.00 "," $398,768.75 ",300.00%,,,,,225.00000000,"82,125.00000000","328,125.00000000","20,343,750.00000000","656,250.00000000",,,
2032,7,0.78125000," $893,242.00 "," $697,845.31 ",250.00%,,,,,112.50000000,"41,062.50000000","164,062.50000000","20,671,875.00000000","328,125.00000000",,,
2036,8,0.39062500," $2,679,726.00 "," $1,046,767.97 ",200.00%,,,,,56.25000000,"20,531.25000000","82,031.25000000","20,835,937.50000000","164,062.50000000",,,
2040,9,0.19531250," $5,359,452.00 "," $1,046,767.97 ",100.00%,,,,,28.12500000,"10,265.62500000","41,015.62500000","20,917,968.75000000","82,031.25000000",,,
2044,10,0.09765625," $8,039,178.00 "," $785,075.98 ",50.00%,,,,,14.06250000,"5,132.81250000","20,507.81250000","20,958,984.37500000","41,015.62500000",,,
2048,11,0.04882813," $10,450,931.40 "," $510,299.38 ",30.00%,,,,,7.03125000,"2,566.40625000","10,253.90625000","20,979,492.18750000","20,507.81250000",,,
2052,12,0.02441406," $13,586,210.82 "," $331,694.60 ",30.00%,,,,,3.51562500,"1,283.20312500","5,126.95312500","20,989,746.09375000","10,253.90625000",,,
2056,13,0.01220703," $17,662,074.07 "," $215,601.49 ",30.00%,,,,,1.75781250,641.60156250,"2,563.47656250","20,994,873.04687500","5,126.95312500",,,
2060,14,0.00610352," $22,960,696.29 "," $140,140.97 ",30.00%,,,,,0.87890625,320.80078125,"1,281.73828125","20,997,436.52343750","2,563.47656250",,,
2064,15,0.00305176," $29,848,905.17 "," $91,091.63 ",30.00%,,,,,0.43945313,160.40039063,640.86914063,"20,998,718.26171870","1,281.73828125",,,
2068,16,0.00152588," $38,803,576.72 "," $59,209.56 ",30.00%,,,,,0.21972656,80.20019531,320.43457031,"20,999,359.13085940",640.86914063,,,
2072,17,0.00076294," $50,444,649.74 "," $38,486.21 ",30.00%,,,,,0.10986328,40.10009766,160.21728516,"20,999,679.56542970",320.43457031,,,
2076,18,0.00038147," $65,578,044.66 "," $25,016.04 ",30.00%,,,,,0.05493164,20.05004883,80.10864258,"20,999,839.78271480",160.21728516,,,
2080,19,0.00019073," $85,251,458.06 "," $16,260.43 ",30.00%,,,,,0.02746582,10.02502441,40.05432129,"20,999,919.89135740",80.10864258,,,
2084,20,0.00009537," $110,826,895.48 "," $10,569.28 ",30.00%,,,,,0.01373291,5.01251221,20.02716064,"20,999,959.94567870",40.05432129,,,
2088,21,0.00004768," $144,074,964.12 "," $6,870.03 ",30.00%,,,,,0.00686646,2.50625610,10.01358032,"20,999,979.97283940",20.02716064,,,
2092,22,0.00002384," $187,297,453.36 "," $4,465.52 ",30.00%,,,,,0.00343323,1.25312805,5.00679016,"20,999,989.98641970",10.01358032,,,
2096,23,0.00001192," $243,486,689.37 "," $2,902.59 ",30.00%,,,,,0.00171661,0.62656403,2.50339508,"20,999,994.99320980",5.00679016,,,
2100,24,0.00000596," $316,532,696.18 "," $1,886.68 ",30.00%,,,,,0.00085831,0.31328201,1.25169754,"20,999,997.49660490",2.50339508,,,
2104,25,0.00000298," $411,492,505.03 "," $1,226.34 ",30.00%,,,,,0.00042915,0.15664101,0.62584877,"20,999,998.74830250",1.25169754,,,
2108,26,0.00000149," $534,940,256.54 ", $797.12 ,30.00%,,,,,0.00021458,0.07832050,0.31292439,"20,999,999.37415120",0.62584877,,,
2112,27,0.00000075," $695,422,333.50 ", $518.13 ,30.00%,,,,,0.00010729,0.03916025,0.15646219,"20,999,999.68707560",0.31292439,,,
2116,28,0.00000037," $904,049,033.55 ", $336.78 ,30.00%,,,,,0.00005364,0.01958013,0.07823110,"20,999,999.84353780",0.15646219,,,
2120,29,0.00000019," $1,175,263,743.61 ", $218.91 ,30.00%,,,,,0.00002682,0.00979006,0.03911555,"20,999,999.92176890",0.07823110,,,
2124,30,0.00000009," $1,527,842,866.70 ", $142.29 ,30.00%,,,,,0.00001341,0.00489503,0.01955777,"20,999,999.96088450",0.03911555,,,
2128,31,0.00000005," $1,986,195,726.71 ", $92.49 ,30.00%,,,,,0.00000671,0.00244752,0.00977889,"20,999,999.98044220",0.01955777,,,
2132,32,0.00000002," $2,582,054,444.72 ", $60.12 ,30.00%,,,,,0.00000335,0.00122376,0.00488944,"20,999,999.99022110",0.00977889,,,
2136,33,0.00000001," $3,356,670,778.14 ", $39.08 ,30.00%,,,,,0.00000168,0.00061188,0.00244472,"20,999,999.99511060",0.00488944,,,
2140,END,0.00000000," $4,363,672,011.58 ", $-   ,30.00%,,,,,0.00000000,0.00000000,0.00000000,"20,999,999.99755530",0.00000000,,,
END,,0.00000000,,,,,,,,0.00000000,0.00000000,0,"20,999,999.99877760",0.00000000,,,
